{"cameraMode":{"drawMode":0,"name":"Shaded","section":"Shading Mode"},"sceneLighting":false,"audioPlay":false,"sceneViewState":{"showFog":true,"showMaterialUpdate":false,"showSkybox":false,"showFlares":true,"showImageEffects":true,"showParticleSystems":true},"in2DMode":false,"pivot":{"x":0.002346217632293701,"y":1.2901928424835206,"z":0.006975084543228149},"rotation":{"x":-0.025945264846086503,"y":-0.9249938726425171,"z":0.06421573460102081,"w":-0.3737747371196747},"size":0.788399338722229,"orthographic":false}